,RecipeID,calories,carbohydrate,protein,fat,sugar,sodium
0,"[106, 67, 21, 14, 129]",610.8100000000001,97.94,30.610000000000003,10.719999999999999,3.3599999999999994,1488.1299999999999
1,"[185, 37, 45, 25, 97]",451.83,86.77,14.129999999999999,5.359999999999999,4.069999999999999,820.06
2,"[54, 75, 41, 24, 170]",607.67,88.97,27.97,15.32,6.84,1327.24
3,"[82, 70, 45, 25, 22]",454.46,83.33,16.14,6.290000000000001,3.02,562.37
4,"[40, 141, 46, 10, 143]",746.65,121.63,33.08,14.190000000000001,2.47,415.26
5,"[145, 65, 9, 9, 86]",609.23,116.86999999999999,17.679999999999996,7.99,7.180000000000001,1575.1999999999998
6,"[64, 102, 21, 11, 80]",667.3199999999999,102.86,24.4,17.57,5.37,1071.51
7,"[57, 107, 1, 22, 88]",512.96,47.32,28.150000000000002,23.4,2.7399999999999998,1129.47
8,"[38, 4, 27, 20, 104]",415.95,72.14000000000001,22.009999999999998,4.430000000000001,0.77,1594.0500000000002
