,MealID,calories,carbohydrate,protein,fat,sugar,sod
0,"[168, 79, 33, 25, 157]",948.0100000000001,124.91,71.56,18.06,20.21,3419.61
1,"[38, 102, 19, 22, 14]",852.26,61.58,81.1,31.249999999999996,7.87,4975.87
2,"[188, 74, 1, 20, 155]",778.0799999999999,104.78,27.840000000000003,27.490000000000002,23.16,2709.42
3,"[169, 12, 19, 6, 33]",937.89,104.09,69.54,27.040000000000003,23.57,3700.7799999999997
4,"[75, 59, 29, 3, 58]",1431.6699999999996,149.75,88.02,53.44,25.48,5015.86
