,RecipeID,calories,carbohydrate,protein,fat,sugar,sodium
0,"[80, 67, 45, 13, 85]",670.7900000000001,122.13,15.139999999999999,13.510000000000002,3.99,1218.69
1,"[25, 140, 45, 10, 36]",648.37,99.02999999999999,30.54,14.44,1.2,1036.37
2,"[89, 24, 46, 14, 83]",618.6,113.58,21.509999999999998,8.69,4.3,1020.83
3,"[75, 138, 27, 22, 6]",625.34,103.79,18.33,15.2,4.49,1297.98
4,"[31, 150, 8, 10, 115]",1344.0400000000002,121.26,107.69000000000003,47.540000000000006,6.23,1526.25
5,"[19, 79, 54, 11, 127]",876.29,168.17999999999998,27.790000000000003,10.26,8.17,964.23
6,"[78, 86, 51, 26, 187]",770.45,118.22000000000001,33.11,18.34,8.209999999999999,1126.3400000000001
7,"[184, 52, 19, 19, 158]",956.2500000000001,103.56000000000002,81.83000000000001,23.869999999999997,29.38,1585.4199999999998
8,"[82, 70, 45, 8, 21]",446.66,84.03,16.439999999999998,4.970000000000001,4.720000000000001,1534.31
