,RecipeID,calories,carbohydrate,protein,fat,sugar,sodium
0,"[38, 143, 1, 16, 55]",356.45,14.559999999999999,23.64,2.97,4.49,1519.51
1,"[75, 31, 9, 14, 142]",671.09,125.1,20.24,9.97,13.48,1364.45
2,"[147, 139, 2, 19, 153]",260.43,31.28,16.11,7.9799999999999995,8.45,938.34
3,"[174, 27, 45, 20, 79]",822.0500000000001,111.76,36.88,25.290000000000003,5.29,1507.8200000000002
4,"[19, 66, 32, 20, 8]",1078.01,163.85,40.85,28.81,7.43,1106.9199999999998
5,"[48, 36, 1, 23, 82]",428.59000000000003,35.48,29.19,18.830000000000002,8.26,1353.61
6,"[33, 65, 54, 4, 127]",694.59,118.51000000000002,28.240000000000002,11.95,9.39,1416.1
7,"[195, 18, 21, 23, 99]",519.37,95.89,14.240000000000002,8.76,10.419999999999998,1119.52
8,"[157, 106, 19, 22, 50]",928.7300000000001,118.97,51.12,27.599999999999998,2.33,1346.0699999999997
