,RecipeID,calories,carbohydrate,protein,fat,sugar,sodium
0,"[126, 68, 33, 22, 77]",797.2500000000001,109.46,31.589999999999996,25.96,3.22,1194.45
1,"[43, 144, 54, 16, 69]",971.6599999999999,130.71,32.24,16.990000000000002,25.36,1910.4499999999998
2,"[122, 139, 54, 25, 50]",929.59,114.48,67.9,22.229999999999997,0.77,1526.78
3,"[135, 145, 2, 10, 177]",778.91,76.55000000000001,45.910000000000004,32.11,15.299999999999999,1872.16
4,"[71, 88, 51, 3, 181]",453.9,78.46000000000001,16.86,8.260000000000002,4.64,1158.3
5,"[82, 84, 39, 19, 170]",502.82,90.05000000000001,22.939999999999998,5.359999999999999,10.629999999999999,1677.52
6,"[201, 35, 2, 23, 98]",287.06,36.33,14.99,9.1,7.09,1221.32
7,"[187, 75, 39, 6, 187]",592.51,76.75999999999999,31.990000000000002,17.5,4.05,1913.56
8,"[98, 137, 36, 10, 145]",1164.1399999999999,153.9,37.53,44.28,10.49,1816.17
