,RecipeID,calories,carbohydrate,protein,fat,sugar,sodium
0,"[178, 29, 18, 5, 58]",517.92,8.81,22.85,7.8100000000000005,10.39,1384.0500000000002
1,"[49, 74, 51, 25, 134]",640.45,85.84,30.06,19.65,2.98,1315.78
2,"[23, 22, 36, 25, 138]",1122.97,190.89000000000001,38.07,23.02,11.11,1175.27
3,"[150, 31, 55, 26, 142]",831.2400000000001,118.72000000000001,19.85,30.759999999999998,9.0,1240.7600000000002
4,"[83, 83, 9, 15, 63]",595.6300000000001,94.14,25.88,12.84,5.92,1279.8200000000002
5,"[69, 84, 55, 10, 178]",631.6899999999999,97.98,28.53,13.450000000000001,7.44,1423.42
