,RecipeID,calories,carbohydrate,protein,fat,sugar,sodium
0,"[151, 125, 2, 25, 85]",711.25,27.200000000000003,54.33,42.79,3.79,1462.4300000000003
1,"[196, 75, 34, 10, 164]",810.2499999999999,120.63000000000001,30.83,22.7,29.47,1817.79
2,"[34, 114, 26, 2, 163]",987.2699999999999,109.69,60.79,33.52,19.44,1626.79
3,"[63, 110, 9, 2, 131]",936.3,114.53999999999999,56.47,28.03,12.52,1568.78
4,"[31, 141, 16, 12, 161]",1447.75,140.13,129.58,40.68,13.78,1942.4299999999998
5,"[41, 30, 19, 26, 187]",854.85,91.14,59.28,28.13,11.53,884.96
